"Daniel","Emerle","Plu1!","1234","609-999-1111","de1234@PPP.com"
"Nicole","Sato","Plu2!","4321","609-999-2231","ns4321@PPP.com"
"Dennis","Root","Plo2!","4322","609-999-2223","dr4322@PPP.com"
"Donald","Rouge","Plo3!","4323","609-999-2224","dr4323@PPP.com"
"Darren","Dero","Plo4!","4324","609-999-2225","dd4324@PPP.com"
"Dirk","Super","Plo5!","4325","609-999-2226","ds4325@PPP.com"
"Don","Cool","Plo6!","4326","609-999-2227","dc4326@PPP.com"
"Ben","Dumb","Plo7!","4327","609-999-2228","bd4327@PPP.com"
"Michael","Ludwig","Plo8!","4328","609-999-2229","ml4328@PPP.com"
"Youseff","Ahdikiri","Plo9!","4329","609-999-2230","ya4329@PPP.com"
